{
    "node_count": 52,
    "path_lengths": [
        29065.99126560453,
        28071.04824490245,
        27483.706098729726,
        25759.63935212957,
        25654.116405931047,
        24101.62239511444,
        23760.043805443267,
        23269.864366942733,
        22191.332846530033,
        21675.45474612012,
        21567.184953014385,
        21426.99713306955,
        21398.9916538466,
        20661.44381618882,
        20660.724578844503,
        20095.640951884307,
        19602.733458214352,
        19515.090652296083,
        19287.479333816213,
        18866.00400527443,
        17605.956787045438,
        16662.957104619756,
        16514.135891164577,
        16044.478485085341,
        15855.668396432602,
        15851.329758204018,
        15830.120940070028,
        15753.216010541959,
        15515.856563497497,
        15497.474347562886,
        15169.693901576584,
        14749.803424298576,
        14719.894422612642,
        14452.054878551771,
        14371.250628574006,
        14234.310452231648,
        14189.784406546285,
        14145.775764703745,
        13756.382265640177,
        13754.394294846637,
        13557.992952817158,
        12777.118975545858,
        12356.561436425773,
        12219.687044142947,
        12138.869853413382,
        12062.194075845948,
        11925.319683563122,
        11877.608145793327,
        11698.164128059214,
        11687.87672562474,
        11250.135968932611,
        11235.591279258973,
        11161.37990151176,
        11067.00792481217,
        10756.49600529199,
        10741.495097890223,
        10715.046356252411,
        10685.791159693801,
        10592.280395062899,
        10592.244203021626,
        10587.285028979875,
        10418.023666914081,
        10155.40177181888,
        9832.915763945763,
        9763.44278653009,
        9743.714660961625,
        9738.751531025024,
        9508.079330808961,
        9496.284314344917,
        9399.952008599013,
        9374.017532352715,
        9372.434285930949,
        9300.591498411894,
        9234.937724246154,
        9224.612978756497,
        9224.508268460479,
        9207.091099031884,
        9192.78492676684,
        8924.796556817315,
        8896.97115350561,
        8881.666239750484,
        8854.681846312606,
        8795.210484145544,
        8773.268894838187,
        8719.576671401828,
        8709.195427751438,
        8708.670098103434,
        8686.728508796077,
        8681.203115361055,
        8670.167842193276,
        8404.719183423811,
        8258.788439084758,
        8078.481279270293,
        8003.694079793237,
        7940.825408329103,
        7892.56873081021,
        7828.908710094273,
        7771.238380288464,
        7643.286517307412,
        7616.029878450793
    ],
    "elapsed_times": [
        0.0,
        0.0,
        0.0,
        0.015619039535522461,
        0.0,
        0.0,
        0.0,
        0.0,
        0.0,
        0.0,
        0.0,
        0.0,
        0.0,
        0.0,
        0.0,
        0.01565098762512207,
        0.0,
        0.0,
        0.0,
        0.0,
        0.0,
        0.0,
        0.0,
        0.0,
        0.0,
        0.0,
        0.01560521125793457,
        0.0,
        0.0,
        0.0,
        0.015737295150756836,
        0.0,
        0.0,
        0.0,
        0.0,
        0.0,
        0.0,
        0.01562643051147461,
        0.0,
        0.0,
        0.015613079071044922,
        0.0,
        0.0,
        0.015628576278686523,
        0.031258344650268555,
        0.0,
        0.01622176170349121,
        0.015732765197753906,
        0.0,
        0.0,
        0.0,
        0.0,
        0.0,
        0.0,
        0.015622615814208984,
        0.01562643051147461,
        0.0,
        0.015625715255737305,
        0.0,
        0.0,
        0.0,
        0.0,
        0.0,
        0.0,
        0.0,
        0.0,
        0.0,
        0.015631675720214844,
        0.0,
        0.0,
        0.0,
        0.0,
        0.0,
        0.0,
        0.012621164321899414,
        0.0031087398529052734,
        0.0,
        0.0,
        0.015731096267700195,
        0.0,
        0.0,
        0.0,
        0.0,
        0.0,
        0.0,
        0.0,
        0.01563715934753418,
        0.031238317489624023,
        0.04743814468383789,
        0.0313568115234375,
        0.031249046325683594,
        0.04755687713623047,
        0.031247854232788086,
        0.22062277793884277,
        0.2558712959289551,
        0.2201550006866455,
        0.14133501052856445,
        0.1257936954498291,
        0.11008024215698242
    ],
    "num_moves": [
        3,
        3,
        3,
        2,
        2,
        2,
        2,
        3,
        4,
        2,
        2,
        2,
        2,
        3,
        2,
        2,
        2,
        2,
        4,
        3,
        2,
        2,
        2,
        3,
        2,
        2,
        7,
        2,
        2,
        8,
        3,
        2,
        2,
        3,
        3,
        3,
        2,
        5,
        4,
        3,
        7,
        3,
        3,
        5,
        6,
        3,
        7,
        12,
        3,
        2,
        2,
        3,
        3,
        2,
        8,
        6,
        7,
        10,
        2,
        2,
        2,
        5,
        2,
        2,
        2,
        4,
        4,
        2,
        2,
        2,
        2,
        9,
        2,
        2,
        2,
        10,
        2,
        14,
        4,
        2,
        2,
        4,
        3,
        10,
        3,
        3,
        3,
        2,
        2,
        3,
        5,
        2,
        4,
        3,
        4,
        8,
        2,
        2,
        2
    ],
    "exec_time": 1.71755051612854,
    "avgCost1000Trials": 29984.318095196537
}