{
    "node_count": 52,
    "path_lengths": [
        31532.648288026765,
        30888.585795299598,
        30787.483431002278,
        30355.887102021527,
        29482.17522102994,
        28807.29556184216,
        27928.924146299974,
        27323.460602911036,
        27310.092916562233,
        27245.17838885295,
        26931.257472980702,
        25672.53813423188,
        25612.68493239094,
        24333.959319999336,
        23879.93668948646,
        23723.356177516736,
        23422.245453223815,
        22288.120486019,
        22138.755293825543,
        22134.25084369137,
        22124.01046588674,
        22107.63671518716,
        22064.685041536137,
        21466.59284325201,
        21464.610543234245,
        21427.22637535483,
        21423.11550711681,
        21403.45468186385,
        21014.073750608415,
        20234.32574631823,
        20075.22986667046,
        19020.04220106755,
        18480.313023995946,
        17996.886276853744,
        17977.763082878293,
        17932.68655413521,
        17920.92317422369,
        16769.969911377495,
        16769.44458172949,
        16753.070831029912,
        16747.502992422134,
        16734.726641758636,
        16652.346941771935,
        16224.93443739467,
        15470.851973710496,
        15465.35835569439,
        15356.339859185558,
        15355.201936093088,
        15349.676542658066,
        15342.601461741277,
        15314.650215538124,
        14985.235366613282,
        14824.811259509366,
        14717.13933230207,
        14093.453907179073,
        14085.786170129351,
        13372.603921741285,
        12821.92279376626,
        12812.049371473822,
        12513.785964038307,
        12492.654521830924,
        11968.65988738344,
        11099.222671132382,
        10928.523326852224,
        10763.665119399908,
        10626.350702488975,
        10523.410198685357,
        10432.909291976133,
        10375.09763009067,
        10314.015373567947,
        10243.818486743472,
        10207.406519421484,
        10131.738722164304,
        9939.282819921586,
        9599.51034565087,
        9539.164160648541,
        9432.594250634553,
        9426.21000969753,
        9230.887263161412,
        9143.881319169777,
        9135.5808336437,
        8726.642169910787,
        8701.111868016302,
        8695.1349457578,
        8675.47412050484,
        8670.387487244265,
        8536.827178128624,
        8424.08949665807,
        8424.086733185326,
        8249.128730911463,
        8233.280249153444,
        8216.189534358842
    ],
    "elapsed_times": [
        0.015709400177001953,
        0.0,
        0.0,
        0.0,
        0.0,
        0.0,
        0.0,
        0.0,
        0.0,
        0.0,
        0.0,
        0.0,
        0.0,
        0.0,
        0.0,
        0.015615701675415039,
        0.0,
        0.0,
        0.0,
        0.0,
        0.009103775024414062,
        0.0,
        0.0,
        0.0,
        0.0,
        0.0,
        0.007022380828857422,
        0.0,
        0.0,
        0.015648603439331055,
        0.0,
        0.015617847442626953,
        0.0,
        0.015621423721313477,
        0.0,
        0.0,
        0.0,
        0.0,
        0.0,
        0.0,
        0.0,
        0.015624761581420898,
        0.0,
        0.0,
        0.0,
        0.0,
        0.0,
        0.015624761581420898,
        0.0,
        0.0,
        0.0,
        0.016016483306884766,
        0.0,
        0.0,
        0.01563429832458496,
        0.0,
        0.0,
        0.015625715255737305,
        0.0,
        0.01562356948852539,
        0.0,
        0.0,
        0.015624761581420898,
        0.0,
        0.0,
        0.0,
        0.015625,
        0.0,
        0.0,
        0.0,
        0.0,
        0.03164362907409668,
        0.01564335823059082,
        0.03132128715515137,
        0.01562976837158203,
        0.0,
        0.015634536743164062,
        0.01620626449584961,
        0.032296180725097656,
        0.06300830841064453,
        0.015604972839355469,
        0.015733003616333008,
        0.0,
        0.0,
        0.031275272369384766,
        0.04744720458984375,
        0.06261682510375977,
        0.0475618839263916,
        0.0625004768371582,
        0.10094404220581055,
        0.09452033042907715
    ],
    "num_moves": [
        3,
        2,
        2,
        3,
        3,
        3,
        2,
        2,
        2,
        2,
        2,
        2,
        2,
        2,
        2,
        2,
        4,
        2,
        2,
        2,
        2,
        2,
        2,
        2,
        3,
        2,
        3,
        2,
        2,
        2,
        2,
        2,
        5,
        2,
        2,
        3,
        7,
        3,
        2,
        2,
        2,
        5,
        3,
        2,
        3,
        2,
        2,
        2,
        3,
        2,
        4,
        2,
        2,
        4,
        3,
        3,
        2,
        2,
        2,
        3,
        4,
        2,
        3,
        3,
        4,
        5,
        2,
        2,
        2,
        2,
        3,
        4,
        4,
        2,
        4,
        3,
        3,
        3,
        2,
        4,
        7,
        2,
        3,
        3,
        2,
        3,
        3,
        4,
        2,
        2,
        2
    ],
    "exec_time": 1.0136198997497559,
    "avgCost1000Trials": 29919.876572990474
}