{
    "node_count": 52,
    "path_lengths": [
        32494.32535248546,
        30710.49417620766,
        29834.513739030368,
        27914.23593217637,
        27199.32773818828,
        26594.529223387155,
        26485.08185231313,
        25394.39362713133,
        24873.966330659605,
        24596.362475330792,
        23316.739682100553,
        22960.426300182564,
        22876.931239876805,
        22842.290703487884,
        22650.999998170137,
        22567.01451363708,
        22288.861439363594,
        22023.051859558484,
        21736.116636319424,
        21722.776111498886,
        20467.31234992597,
        20336.60022628071,
        20218.314259997955,
        20128.608784567008,
        19554.931140999204,
        19484.099685557,
        19415.509747182703,
        19367.094595904287,
        18515.316735115357,
        18509.424938306805,
        18506.36262780852,
        18441.0971957632,
        18332.130534387707,
        18263.304974682265,
        17608.034157914095,
        17460.40446401142,
        17227.761859687555,
        16081.769850314347,
        15467.757936643367,
        15362.518051227096,
        15297.602739269656,
        15151.73431603689,
        14927.352027780767,
        14842.778823684357,
        14708.330396277719,
        14515.21593556156,
        14273.812788077248,
        13798.356919779193,
        13780.364728325325,
        13746.919256032745,
        13238.45500894513,
        12615.200107256891,
        12596.788536925174,
        12588.995354758837,
        12545.483320491037,
        12178.102279201099,
        11723.29639137723,
        11489.62549641735,
        11432.277302472652,
        11393.540453190439,
        11372.491937225497,
        11275.830831577272,
        11081.014887719286,
        10927.141353510879,
        10892.459884832215,
        10875.552692581345,
        10855.528038243823,
        10787.107392147413,
        10772.371335039317,
        10352.182638522961,
        10334.670964730913,
        10260.034950120484,
        10250.977569185932,
        10132.32413183952,
        10124.215149171614,
        10083.740722035045,
        10042.1187833097,
        9930.546400410143,
        9896.58289400446,
        9894.353559368106,
        9624.809571370746,
        9539.926610759918,
        9527.9116296231,
        9427.932057620788,
        8883.136696380476,
        8841.964382209724,
        8834.889301292935,
        8832.52203457374,
        8661.096613161795,
        8583.898344563499,
        8573.610942129024,
        8431.427852200894,
        8389.26752624669,
        8387.264038348298,
        8383.153170110278,
        8363.492344857317,
        8254.778627726222,
        8162.004073562475,
        8161.7077642149325,
        8135.861199281356,
        8052.322381673952,
        7904.732574555124,
        7893.542932424023,
        7818.733524048477,
        7812.920958890013,
        7803.975442622865,
        7772.385390218819,
        7753.062417065174,
        7748.150205181022,
        7746.692480851424,
        7725.1881188497155
    ],
    "elapsed_times": [
        0.017138004302978516,
        0.0,
        0.014507770538330078,
        0.0,
        0.015662431716918945,
        0.015625,
        0.0,
        0.015624523162841797,
        0.0,
        0.0,
        0.0,
        0.0,
        0.01569509506225586,
        0.0,
        0.0,
        0.0,
        0.015619754791259766,
        0.0076105594635009766,
        0.0,
        0.008614778518676758,
        0.0,
        0.0,
        0.01573944091796875,
        0.0,
        0.0,
        0.0,
        0.0,
        0.015616893768310547,
        0.0,
        0.0,
        0.015626907348632812,
        0.0,
        0.0,
        0.015622615814208984,
        0.0,
        0.015625,
        0.01621723175048828,
        0.0,
        0.0,
        0.0,
        0.0,
        0.0,
        0.0,
        0.01573967933654785,
        0.0,
        0.0,
        0.0,
        0.0,
        0.0,
        0.0,
        0.016025304794311523,
        0.0,
        0.0,
        0.0,
        0.0,
        0.01576089859008789,
        0.0,
        0.031252145767211914,
        0.0,
        0.0,
        0.031854867935180664,
        0.01573491096496582,
        0.04686379432678223,
        0.0,
        0.0,
        0.0,
        0.0,
        0.01563239097595215,
        0.00810551643371582,
        0.0,
        0.008110761642456055,
        0.0,
        0.0,
        0.0,
        0.0,
        0.0,
        0.0,
        0.0,
        0.0157473087310791,
        0.0,
        2.0621726512908936,
        0.0,
        0.0,
        0.1732463836669922,
        0.3295280933380127,
        0.0,
        0.0,
        0.0,
        0.0,
        0.0,
        0.01210165023803711,
        0.019845247268676758,
        0.0,
        0.0,
        0.0,
        0.0781393051147461,
        1.148916244506836,
        1.525303602218628,
        3.2330126762390137,
        1.5847315788269043,
        1.038506269454956,
        1.793229103088379,
        2.5334582328796387,
        1.3540537357330322,
        0.849578857421875,
        0.40870189666748047,
        0.33025050163269043,
        0.2357184886932373,
        0.12567901611328125,
        0.11004424095153809
    ],
    "num_moves": [
        3,
        3,
        3,
        3,
        3,
        2,
        4,
        3,
        3,
        3,
        3,
        3,
        4,
        3,
        3,
        3,
        3,
        3,
        4,
        4,
        5,
        5,
        5,
        6,
        3,
        5,
        3,
        7,
        3,
        3,
        3,
        3,
        2,
        2,
        7,
        8,
        9,
        3,
        3,
        3,
        3,
        3,
        3,
        3,
        3,
        3,
        4,
        3,
        4,
        5,
        3,
        2,
        5,
        3,
        5,
        3,
        3,
        10,
        3,
        5,
        2,
        6,
        6,
        7,
        3,
        4,
        4,
        3,
        6,
        2,
        6,
        2,
        8,
        2,
        2,
        7,
        2,
        3,
        3,
        8,
        14,
        2,
        3,
        11,
        15,
        3,
        3,
        7,
        5,
        3,
        2,
        13,
        3,
        2,
        3,
        14,
        11,
        2,
        5,
        3,
        4,
        5,
        2,
        4,
        5,
        2,
        2,
        3,
        2,
        2
    ],
    "exec_time": 19.513176202774048,
    "avgCost1000Trials": 29870.79291918428
}